author,temp,steps,paid_monney,created_at
Taro Yamada,19.0,20,11,2025-06-28 00:00:00
Hanako Sato,19.0,13,7,2025-06-28 00:00:00
Jiro Suzuki,19.0,50,11,2025-06-28 00:00:00
Yoshiko Watanabe,19.0,7,11,2025-06-28 00:00:00
Taro Yamada,18.6,24,12,2025-06-28 01:00:00
Hanako Sato,18.6,26,10,2025-06-28 01:00:00
Jiro Suzuki,18.6,72,12,2025-06-28 01:00:00
Yoshiko Watanabe,18.6,29,26,2025-06-28 01:00:00
Taro Yamada,16.4,48,27,2025-06-28 02:00:00
Hanako Sato,16.4,51,19,2025-06-28 02:00:00
Jiro Suzuki,16.4,84,23,2025-06-28 02:00:00
Yoshiko Watanabe,16.4,57,29,2025-06-28 02:00:00
Taro Yamada,18.1,59,39,2025-06-28 03:00:00
Hanako Sato,18.1,69,28,2025-06-28 03:00:00
Jiro Suzuki,18.1,112,23,2025-06-28 03:00:00
Yoshiko Watanabe,18.1,75,31,2025-06-28 03:00:00
Taro Yamada,17.9,62,53,2025-06-28 04:00:00
Hanako Sato,17.9,96,41,2025-06-28 04:00:00
Jiro Suzuki,17.9,141,26,2025-06-28 04:00:00
Yoshiko Watanabe,17.9,84,32,2025-06-28 04:00:00
Taro Yamada,18.0,78,62,2025-06-28 05:00:00
Hanako Sato,18.0,124,51,2025-06-28 05:00:00
Jiro Suzuki,18.0,152,35,2025-06-28 05:00:00
Yoshiko Watanabe,18.0,101,38,2025-06-28 05:00:00
Taro Yamada,18.4,82,65,2025-06-28 06:00:00
Hanako Sato,18.4,150,66,2025-06-28 06:00:00
Jiro Suzuki,18.4,156,46,2025-06-28 06:00:00
Yoshiko Watanabe,18.4,146,50,2025-06-28 06:00:00
Taro Yamada,20.7,707,67,2025-06-28 07:00:00
Hanako Sato,20.7,431,77,2025-06-28 07:00:00
Jiro Suzuki,20.7,535,49,2025-06-28 07:00:00
Yoshiko Watanabe,20.7,528,66,2025-06-28 07:00:00
Taro Yamada,19.9,917,81,2025-06-28 08:00:00
Hanako Sato,19.9,1117,94,2025-06-28 08:00:00
Jiro Suzuki,19.9,1277,54,2025-06-28 08:00:00
Yoshiko Watanabe,19.9,578,81,2025-06-28 08:00:00
Taro Yamada,22.4,1536,83,2025-06-28 09:00:00
Hanako Sato,22.4,1766,99,2025-06-28 09:00:00
Jiro Suzuki,22.4,1405,67,2025-06-28 09:00:00
Yoshiko Watanabe,22.4,1005,89,2025-06-28 09:00:00
Taro Yamada,21.8,1807,99,2025-06-28 10:00:00
Hanako Sato,21.8,1817,113,2025-06-28 10:00:00
Jiro Suzuki,21.8,1573,86,2025-06-28 10:00:00
Yoshiko Watanabe,21.8,1374,100,2025-06-28 10:00:00
Taro Yamada,24.7,1982,116,2025-06-28 11:00:00
Hanako Sato,24.7,2570,126,2025-06-28 11:00:00
Jiro Suzuki,24.7,2539,115,2025-06-28 11:00:00
Yoshiko Watanabe,24.7,2099,118,2025-06-28 11:00:00
Taro Yamada,26.0,2082,182,2025-06-28 12:00:00
Hanako Sato,26.0,3370,196,2025-06-28 12:00:00
Jiro Suzuki,26.0,2761,165,2025-06-28 12:00:00
Yoshiko Watanabe,26.0,2530,186,2025-06-28 12:00:00
Taro Yamada,26.5,2856,251,2025-06-28 13:00:00
Hanako Sato,26.5,4223,256,2025-06-28 13:00:00
Jiro Suzuki,26.5,3397,227,2025-06-28 13:00:00
Yoshiko Watanabe,26.5,2601,237,2025-06-28 13:00:00
Taro Yamada,26.8,3169,280,2025-06-28 14:00:00
Hanako Sato,26.8,4403,298,2025-06-28 14:00:00
Jiro Suzuki,26.8,4334,271,2025-06-28 14:00:00
Yoshiko Watanabe,26.8,3371,269,2025-06-28 14:00:00
Taro Yamada,28.1,3524,310,2025-06-28 15:00:00
Hanako Sato,28.1,4807,337,2025-06-28 15:00:00
Jiro Suzuki,28.1,4530,318,2025-06-28 15:00:00
Yoshiko Watanabe,28.1,3635,314,2025-06-28 15:00:00
Taro Yamada,26.5,4045,345,2025-06-28 16:00:00
Hanako Sato,26.5,5737,377,2025-06-28 16:00:00
Jiro Suzuki,26.5,4632,347,2025-06-28 16:00:00
Yoshiko Watanabe,26.5,3933,348,2025-06-28 16:00:00
Taro Yamada,25.5,4567,371,2025-06-28 17:00:00
Hanako Sato,25.5,5871,412,2025-06-28 17:00:00
Jiro Suzuki,25.5,4947,379,2025-06-28 17:00:00
Yoshiko Watanabe,25.5,4286,387,2025-06-28 17:00:00
Taro Yamada,24.2,4825,463,2025-06-28 18:00:00
Hanako Sato,24.2,6039,502,2025-06-28 18:00:00
Jiro Suzuki,24.2,4993,454,2025-06-28 18:00:00
Yoshiko Watanabe,24.2,4665,475,2025-06-28 18:00:00
Taro Yamada,25.9,4827,548,2025-06-28 19:00:00
Hanako Sato,25.9,6328,605,2025-06-28 19:00:00
Jiro Suzuki,25.9,5220,541,2025-06-28 19:00:00
Yoshiko Watanabe,25.9,4781,567,2025-06-28 19:00:00
Taro Yamada,24.2,5309,626,2025-06-28 20:00:00
Hanako Sato,24.2,6905,706,2025-06-28 20:00:00
Jiro Suzuki,24.2,5412,619,2025-06-28 20:00:00
Yoshiko Watanabe,24.2,5078,649,2025-06-28 20:00:00
Taro Yamada,23.2,5492,663,2025-06-28 21:00:00
Hanako Sato,23.2,7028,747,2025-06-28 21:00:00
Jiro Suzuki,23.2,5833,658,2025-06-28 21:00:00
Yoshiko Watanabe,23.2,5106,677,2025-06-28 21:00:00
Taro Yamada,19.7,5524,694,2025-06-28 22:00:00
Hanako Sato,19.7,7039,797,2025-06-28 22:00:00
Jiro Suzuki,19.7,5844,685,2025-06-28 22:00:00
Yoshiko Watanabe,19.7,5133,711,2025-06-28 22:00:00
Taro Yamada,19.1,5541,735,2025-06-28 23:00:00
Hanako Sato,19.1,7070,838,2025-06-28 23:00:00
Jiro Suzuki,19.1,5859,728,2025-06-28 23:00:00
Yoshiko Watanabe,19.1,5166,748,2025-06-28 23:00:00
Taro Yamada,19.7,42,15,2025-06-29 00:00:00
Hanako Sato,19.7,3,6,2025-06-29 00:00:00
Jiro Suzuki,19.7,40,15,2025-06-29 00:00:00
Yoshiko Watanabe,19.7,42,5,2025-06-29 00:00:00
Taro Yamada,16.4,88,16,2025-06-29 01:00:00
Hanako Sato,16.4,53,18,2025-06-29 01:00:00
Jiro Suzuki,16.4,53,26,2025-06-29 01:00:00
Yoshiko Watanabe,16.4,66,9,2025-06-29 01:00:00
Taro Yamada,18.2,97,17,2025-06-29 02:00:00
Hanako Sato,18.2,102,33,2025-06-29 02:00:00
Jiro Suzuki,18.2,96,30,2025-06-29 02:00:00
Yoshiko Watanabe,18.2,83,21,2025-06-29 02:00:00
Taro Yamada,17.2,145,17,2025-06-29 03:00:00
Hanako Sato,17.2,125,48,2025-06-29 03:00:00
Jiro Suzuki,17.2,127,38,2025-06-29 03:00:00
Yoshiko Watanabe,17.2,129,33,2025-06-29 03:00:00
Taro Yamada,16.1,175,29,2025-06-29 04:00:00
Hanako Sato,16.1,150,59,2025-06-29 04:00:00
Jiro Suzuki,16.1,157,50,2025-06-29 04:00:00
Yoshiko Watanabe,16.1,174,36,2025-06-29 04:00:00
Taro Yamada,17.2,191,40,2025-06-29 05:00:00
Hanako Sato,17.2,179,72,2025-06-29 05:00:00
Jiro Suzuki,17.2,185,52,2025-06-29 05:00:00
Yoshiko Watanabe,17.2,223,38,2025-06-29 05:00:00
Taro Yamada,18.1,196,44,2025-06-29 06:00:00
Hanako Sato,18.1,218,73,2025-06-29 06:00:00
Jiro Suzuki,18.1,228,64,2025-06-29 06:00:00
Yoshiko Watanabe,18.1,224,48,2025-06-29 06:00:00
Taro Yamada,20.4,338,56,2025-06-29 07:00:00
Hanako Sato,20.4,663,84,2025-06-29 07:00:00
Jiro Suzuki,20.4,454,64,2025-06-29 07:00:00
Yoshiko Watanabe,20.4,314,62,2025-06-29 07:00:00
Taro Yamada,21.3,875,60,2025-06-29 08:00:00
Hanako Sato,21.3,931,101,2025-06-29 08:00:00
Jiro Suzuki,21.3,955,77,2025-06-29 08:00:00
Yoshiko Watanabe,21.3,322,78,2025-06-29 08:00:00
Taro Yamada,21.6,1487,64,2025-06-29 09:00:00
Hanako Sato,21.6,1239,104,2025-06-29 09:00:00
Jiro Suzuki,21.6,1736,87,2025-06-29 09:00:00
Yoshiko Watanabe,21.6,476,92,2025-06-29 09:00:00
Taro Yamada,22.8,2408,83,2025-06-29 10:00:00
Hanako Sato,22.8,1559,124,2025-06-29 10:00:00
Jiro Suzuki,22.8,1973,95,2025-06-29 10:00:00
Yoshiko Watanabe,22.8,509,93,2025-06-29 10:00:00
Taro Yamada,25.3,2646,111,2025-06-29 11:00:00
Hanako Sato,25.3,1754,139,2025-06-29 11:00:00
Jiro Suzuki,25.3,2031,115,2025-06-29 11:00:00
Yoshiko Watanabe,25.3,1224,115,2025-06-29 11:00:00
Taro Yamada,24.8,2870,160,2025-06-29 12:00:00
Hanako Sato,24.8,1833,198,2025-06-29 12:00:00
Jiro Suzuki,24.8,2846,174,2025-06-29 12:00:00
Yoshiko Watanabe,24.8,1694,159,2025-06-29 12:00:00
Taro Yamada,26.3,3219,219,2025-06-29 13:00:00
Hanako Sato,26.3,2227,249,2025-06-29 13:00:00
Jiro Suzuki,26.3,3234,228,2025-06-29 13:00:00
Yoshiko Watanabe,26.3,2277,221,2025-06-29 13:00:00
Taro Yamada,26.1,3414,257,2025-06-29 14:00:00
Hanako Sato,26.1,2362,269,2025-06-29 14:00:00
Jiro Suzuki,26.1,3998,254,2025-06-29 14:00:00
Yoshiko Watanabe,26.1,2676,244,2025-06-29 14:00:00
Taro Yamada,26.7,4395,298,2025-06-29 15:00:00
Hanako Sato,26.7,3116,305,2025-06-29 15:00:00
Jiro Suzuki,26.7,4074,287,2025-06-29 15:00:00
Yoshiko Watanabe,26.7,3023,263,2025-06-29 15:00:00
Taro Yamada,25.9,4677,341,2025-06-29 16:00:00
Hanako Sato,25.9,3399,325,2025-06-29 16:00:00
Jiro Suzuki,25.9,4133,315,2025-06-29 16:00:00
Yoshiko Watanabe,25.9,3867,297,2025-06-29 16:00:00
Taro Yamada,26.1,4842,384,2025-06-29 17:00:00
Hanako Sato,26.1,3625,364,2025-06-29 17:00:00
Jiro Suzuki,26.1,4553,347,2025-06-29 17:00:00
Yoshiko Watanabe,26.1,4142,331,2025-06-29 17:00:00
Taro Yamada,27.2,5036,488,2025-06-29 18:00:00
Hanako Sato,27.2,3939,458,2025-06-29 18:00:00
Jiro Suzuki,27.2,5052,433,2025-06-29 18:00:00
Yoshiko Watanabe,27.2,4477,421,2025-06-29 18:00:00
Taro Yamada,26.0,5226,578,2025-06-29 19:00:00
Hanako Sato,26.0,4183,547,2025-06-29 19:00:00
Jiro Suzuki,26.0,5250,523,2025-06-29 19:00:00
Yoshiko Watanabe,26.0,4780,516,2025-06-29 19:00:00
Taro Yamada,23.3,5774,662,2025-06-29 20:00:00
Hanako Sato,23.3,4536,636,2025-06-29 20:00:00
Jiro Suzuki,23.3,5584,617,2025-06-29 20:00:00
Yoshiko Watanabe,23.3,5001,598,2025-06-29 20:00:00
Taro Yamada,21.5,6104,707,2025-06-29 21:00:00
Hanako Sato,21.5,5039,663,2025-06-29 21:00:00
Jiro Suzuki,21.5,5889,658,2025-06-29 21:00:00
Yoshiko Watanabe,21.5,5002,637,2025-06-29 21:00:00
Taro Yamada,20.8,6137,735,2025-06-29 22:00:00
Hanako Sato,20.8,5052,684,2025-06-29 22:00:00
Jiro Suzuki,20.8,5936,682,2025-06-29 22:00:00
Yoshiko Watanabe,20.8,5003,674,2025-06-29 22:00:00
Taro Yamada,20.2,6187,765,2025-06-29 23:00:00
Hanako Sato,20.2,5076,717,2025-06-29 23:00:00
Jiro Suzuki,20.2,5936,723,2025-06-29 23:00:00
Yoshiko Watanabe,20.2,5004,695,2025-06-29 23:00:00
Taro Yamada,19.4,11,6,2025-06-30 00:00:00
Hanako Sato,19.4,47,1,2025-06-30 00:00:00
Jiro Suzuki,19.4,23,3,2025-06-30 00:00:00
Yoshiko Watanabe,19.4,19,10,2025-06-30 00:00:00
Taro Yamada,16.9,12,16,2025-06-30 01:00:00
Hanako Sato,16.9,59,14,2025-06-30 01:00:00
Jiro Suzuki,16.9,42,10,2025-06-30 01:00:00
Yoshiko Watanabe,16.9,67,21,2025-06-30 01:00:00
Taro Yamada,18.9,49,31,2025-06-30 02:00:00
Hanako Sato,18.9,86,17,2025-06-30 02:00:00
Jiro Suzuki,18.9,82,24,2025-06-30 02:00:00
Yoshiko Watanabe,18.9,73,33,2025-06-30 02:00:00
Taro Yamada,16.4,52,40,2025-06-30 03:00:00
Hanako Sato,16.4,89,30,2025-06-30 03:00:00
Jiro Suzuki,16.4,101,31,2025-06-30 03:00:00
Yoshiko Watanabe,16.4,112,34,2025-06-30 03:00:00
Taro Yamada,18.2,81,48,2025-06-30 04:00:00
Hanako Sato,18.2,91,37,2025-06-30 04:00:00
Jiro Suzuki,18.2,109,41,2025-06-30 04:00:00
Yoshiko Watanabe,18.2,155,40,2025-06-30 04:00:00
Taro Yamada,18.7,102,54,2025-06-30 05:00:00
Hanako Sato,18.7,115,52,2025-06-30 05:00:00
Jiro Suzuki,18.7,133,54,2025-06-30 05:00:00
Yoshiko Watanabe,18.7,170,47,2025-06-30 05:00:00
Taro Yamada,20.1,111,58,2025-06-30 06:00:00
Hanako Sato,20.1,143,64,2025-06-30 06:00:00
Jiro Suzuki,20.1,175,65,2025-06-30 06:00:00
Yoshiko Watanabe,20.1,191,62,2025-06-30 06:00:00
Taro Yamada,20.7,528,73,2025-06-30 07:00:00
Hanako Sato,20.7,386,74,2025-06-30 07:00:00
Jiro Suzuki,20.7,180,76,2025-06-30 07:00:00
Yoshiko Watanabe,20.7,764,80,2025-06-30 07:00:00
Taro Yamada,22.2,932,83,2025-06-30 08:00:00
Hanako Sato,22.2,430,87,2025-06-30 08:00:00
Jiro Suzuki,22.2,975,95,2025-06-30 08:00:00
Yoshiko Watanabe,22.2,888,87,2025-06-30 08:00:00
Taro Yamada,22.5,1035,103,2025-06-30 09:00:00
Hanako Sato,22.5,812,100,2025-06-30 09:00:00
Jiro Suzuki,22.5,1455,114,2025-06-30 09:00:00
Yoshiko Watanabe,22.5,1509,90,2025-06-30 09:00:00
Taro Yamada,25.0,1302,124,2025-06-30 10:00:00
Hanako Sato,25.0,1461,105,2025-06-30 10:00:00
Jiro Suzuki,25.0,1856,127,2025-06-30 10:00:00
Yoshiko Watanabe,25.0,2073,101,2025-06-30 10:00:00
Taro Yamada,23.7,1753,128,2025-06-30 11:00:00
Hanako Sato,23.7,1869,118,2025-06-30 11:00:00
Jiro Suzuki,23.7,2656,143,2025-06-30 11:00:00
Yoshiko Watanabe,23.7,2154,118,2025-06-30 11:00:00
Taro Yamada,25.8,2331,194,2025-06-30 12:00:00
Hanako Sato,25.8,2720,176,2025-06-30 12:00:00
Jiro Suzuki,25.8,3193,200,2025-06-30 12:00:00
Yoshiko Watanabe,25.8,2904,187,2025-06-30 12:00:00
Taro Yamada,26.4,3034,259,2025-06-30 13:00:00
Hanako Sato,26.4,3346,247,2025-06-30 13:00:00
Jiro Suzuki,26.4,3794,267,2025-06-30 13:00:00
Yoshiko Watanabe,26.4,3321,259,2025-06-30 13:00:00
Taro Yamada,26.8,3493,289,2025-06-30 14:00:00
Hanako Sato,26.8,3550,288,2025-06-30 14:00:00
Jiro Suzuki,26.8,4651,310,2025-06-30 14:00:00
Yoshiko Watanabe,26.8,3411,296,2025-06-30 14:00:00
Taro Yamada,26.5,4271,317,2025-06-30 15:00:00
Hanako Sato,26.5,3622,327,2025-06-30 15:00:00
Jiro Suzuki,26.5,5578,352,2025-06-30 15:00:00
Yoshiko Watanabe,26.5,3921,335,2025-06-30 15:00:00
Taro Yamada,25.8,5125,360,2025-06-30 16:00:00
Hanako Sato,25.8,4179,350,2025-06-30 16:00:00
Jiro Suzuki,25.8,5676,397,2025-06-30 16:00:00
Yoshiko Watanabe,25.8,4322,373,2025-06-30 16:00:00
Taro Yamada,27.1,5463,407,2025-06-30 17:00:00
Hanako Sato,27.1,4337,380,2025-06-30 17:00:00
Jiro Suzuki,27.1,6217,448,2025-06-30 17:00:00
Yoshiko Watanabe,27.1,4693,419,2025-06-30 17:00:00
Taro Yamada,26.7,5475,510,2025-06-30 18:00:00
Hanako Sato,26.7,4782,464,2025-06-30 18:00:00
Jiro Suzuki,26.7,6533,550,2025-06-30 18:00:00
Yoshiko Watanabe,26.7,5284,510,2025-06-30 18:00:00
Taro Yamada,24.5,5906,593,2025-06-30 19:00:00
Hanako Sato,24.5,5112,559,2025-06-30 19:00:00
Jiro Suzuki,24.5,6860,644,2025-06-30 19:00:00
Yoshiko Watanabe,24.5,5613,601,2025-06-30 19:00:00
Taro Yamada,23.4,6367,693,2025-06-30 20:00:00
Hanako Sato,23.4,5158,648,2025-06-30 20:00:00
Jiro Suzuki,23.4,7435,740,2025-06-30 20:00:00
Yoshiko Watanabe,23.4,5917,690,2025-06-30 20:00:00
Taro Yamada,21.1,6887,733,2025-06-30 21:00:00
Hanako Sato,21.1,5584,671,2025-06-30 21:00:00
Jiro Suzuki,21.1,7600,788,2025-06-30 21:00:00
Yoshiko Watanabe,21.1,5933,728,2025-06-30 21:00:00
Taro Yamada,22.2,6887,776,2025-06-30 22:00:00
Hanako Sato,22.2,5601,707,2025-06-30 22:00:00
Jiro Suzuki,22.2,7632,832,2025-06-30 22:00:00
Yoshiko Watanabe,22.2,5979,771,2025-06-30 22:00:00
Taro Yamada,19.3,6935,810,2025-06-30 23:00:00
Hanako Sato,19.3,5643,733,2025-06-30 23:00:00
Jiro Suzuki,19.3,7636,873,2025-06-30 23:00:00
Yoshiko Watanabe,19.3,6012,809,2025-06-30 23:00:00
Taro Yamada,18.5,35,11,2025-07-01 00:00:00
Hanako Sato,18.5,30,12,2025-07-01 00:00:00
Jiro Suzuki,18.5,10,4,2025-07-01 00:00:00
Yoshiko Watanabe,18.5,42,7,2025-07-01 00:00:00
Taro Yamada,17.9,39,18,2025-07-01 01:00:00
Hanako Sato,17.9,30,13,2025-07-01 01:00:00
Jiro Suzuki,17.9,50,6,2025-07-01 01:00:00
Yoshiko Watanabe,17.9,57,8,2025-07-01 01:00:00
Taro Yamada,17.5,72,30,2025-07-01 02:00:00
Hanako Sato,17.5,51,19,2025-07-01 02:00:00
Jiro Suzuki,17.5,52,20,2025-07-01 02:00:00
Yoshiko Watanabe,17.5,66,14,2025-07-01 02:00:00
Taro Yamada,18.9,100,35,2025-07-01 03:00:00
Hanako Sato,18.9,58,28,2025-07-01 03:00:00
Jiro Suzuki,18.9,79,21,2025-07-01 03:00:00
Yoshiko Watanabe,18.9,106,16,2025-07-01 03:00:00
Taro Yamada,17.7,136,49,2025-07-01 04:00:00
Hanako Sato,17.7,86,36,2025-07-01 04:00:00
Jiro Suzuki,17.7,106,25,2025-07-01 04:00:00
Yoshiko Watanabe,17.7,127,29,2025-07-01 04:00:00
Taro Yamada,17.9,182,51,2025-07-01 05:00:00
Hanako Sato,17.9,99,49,2025-07-01 05:00:00
Jiro Suzuki,17.9,151,26,2025-07-01 05:00:00
Yoshiko Watanabe,17.9,150,43,2025-07-01 05:00:00
Taro Yamada,19.4,217,56,2025-07-01 06:00:00
Hanako Sato,19.4,146,49,2025-07-01 06:00:00
Jiro Suzuki,19.4,156,32,2025-07-01 06:00:00
Yoshiko Watanabe,19.4,168,50,2025-07-01 06:00:00
Taro Yamada,18.6,1008,67,2025-07-01 07:00:00
Hanako Sato,18.6,275,55,2025-07-01 07:00:00
Jiro Suzuki,18.6,666,37,2025-07-01 07:00:00
Yoshiko Watanabe,18.6,711,56,2025-07-01 07:00:00
Taro Yamada,19.8,1507,76,2025-07-01 08:00:00
Hanako Sato,19.8,598,61,2025-07-01 08:00:00
Jiro Suzuki,19.8,840,54,2025-07-01 08:00:00
Yoshiko Watanabe,19.8,1123,75,2025-07-01 08:00:00
Taro Yamada,22.6,1948,84,2025-07-01 09:00:00
Hanako Sato,22.6,1189,69,2025-07-01 09:00:00
Jiro Suzuki,22.6,1181,74,2025-07-01 09:00:00
Yoshiko Watanabe,22.6,1775,91,2025-07-01 09:00:00
Taro Yamada,24.8,2699,112,2025-07-01 10:00:00
Hanako Sato,24.8,1344,93,2025-07-01 10:00:00
Jiro Suzuki,24.8,1490,89,2025-07-01 10:00:00
Yoshiko Watanabe,24.8,2658,118,2025-07-01 10:00:00
Taro Yamada,26.3,2744,147,2025-07-01 11:00:00
Hanako Sato,26.3,2317,112,2025-07-01 11:00:00
Jiro Suzuki,26.3,1886,104,2025-07-01 11:00:00
Yoshiko Watanabe,26.3,3223,144,2025-07-01 11:00:00
Taro Yamada,26.8,3184,219,2025-07-01 12:00:00
Hanako Sato,26.8,2494,179,2025-07-01 12:00:00
Jiro Suzuki,26.8,2771,158,2025-07-01 12:00:00
Yoshiko Watanabe,26.8,4019,217,2025-07-01 12:00:00
Taro Yamada,28.3,3368,293,2025-07-01 13:00:00
Hanako Sato,28.3,3483,245,2025-07-01 13:00:00
Jiro Suzuki,28.3,3167,232,2025-07-01 13:00:00
Yoshiko Watanabe,28.3,4446,292,2025-07-01 13:00:00
Taro Yamada,28.9,3564,340,2025-07-01 14:00:00
Hanako Sato,28.9,3863,286,2025-07-01 14:00:00
Jiro Suzuki,28.9,4009,277,2025-07-01 14:00:00
Yoshiko Watanabe,28.9,5107,332,2025-07-01 14:00:00
Taro Yamada,26.2,4149,364,2025-07-01 15:00:00
Hanako Sato,26.2,4788,320,2025-07-01 15:00:00
Jiro Suzuki,26.2,4963,321,2025-07-01 15:00:00
Yoshiko Watanabe,26.2,5640,368,2025-07-01 15:00:00
Taro Yamada,28.0,4475,400,2025-07-01 16:00:00
Hanako Sato,28.0,5499,358,2025-07-01 16:00:00
Jiro Suzuki,28.0,5641,370,2025-07-01 16:00:00
Yoshiko Watanabe,28.0,6441,410,2025-07-01 16:00:00
Taro Yamada,27.3,4637,432,2025-07-01 17:00:00
Hanako Sato,27.3,5974,403,2025-07-01 17:00:00
Jiro Suzuki,27.3,6168,409,2025-07-01 17:00:00
Yoshiko Watanabe,27.3,6481,449,2025-07-01 17:00:00
Taro Yamada,25.6,5230,514,2025-07-01 18:00:00
Hanako Sato,25.6,6466,508,2025-07-01 18:00:00
Jiro Suzuki,25.6,6491,508,2025-07-01 18:00:00
Yoshiko Watanabe,25.6,6529,546,2025-07-01 18:00:00
Taro Yamada,24.2,5574,600,2025-07-01 19:00:00
Hanako Sato,24.2,6961,606,2025-07-01 19:00:00
Jiro Suzuki,24.2,6949,609,2025-07-01 19:00:00
Yoshiko Watanabe,24.2,6886,632,2025-07-01 19:00:00
Taro Yamada,25.0,5914,697,2025-07-01 20:00:00
Hanako Sato,25.0,7152,701,2025-07-01 20:00:00
Jiro Suzuki,25.0,7316,716,2025-07-01 20:00:00
Yoshiko Watanabe,25.0,7383,725,2025-07-01 20:00:00
Taro Yamada,21.9,5998,734,2025-07-01 21:00:00
Hanako Sato,21.9,7702,742,2025-07-01 21:00:00
Jiro Suzuki,21.9,7541,758,2025-07-01 21:00:00
Yoshiko Watanabe,21.9,7459,763,2025-07-01 21:00:00
Taro Yamada,20.3,6017,762,2025-07-01 22:00:00
Hanako Sato,20.3,7727,791,2025-07-01 22:00:00
Jiro Suzuki,20.3,7558,808,2025-07-01 22:00:00
Yoshiko Watanabe,20.3,7489,808,2025-07-01 22:00:00
Taro Yamada,18.8,6036,804,2025-07-01 23:00:00
Hanako Sato,18.8,7750,837,2025-07-01 23:00:00
Jiro Suzuki,18.8,7562,840,2025-07-01 23:00:00
Yoshiko Watanabe,18.8,7516,849,2025-07-01 23:00:00
Taro Yamada,20.3,34,0,2025-07-02 00:00:00
Hanako Sato,20.3,27,14,2025-07-02 00:00:00
Jiro Suzuki,20.3,28,12,2025-07-02 00:00:00
Yoshiko Watanabe,20.3,8,12,2025-07-02 00:00:00
Taro Yamada,17.9,81,14,2025-07-02 01:00:00
Hanako Sato,17.9,61,14,2025-07-02 01:00:00
Jiro Suzuki,17.9,31,16,2025-07-02 01:00:00
Yoshiko Watanabe,17.9,25,12,2025-07-02 01:00:00
Taro Yamada,17.5,97,21,2025-07-02 02:00:00
Hanako Sato,17.5,78,27,2025-07-02 02:00:00
Jiro Suzuki,17.5,56,18,2025-07-02 02:00:00
Yoshiko Watanabe,17.5,39,18,2025-07-02 02:00:00
Taro Yamada,16.6,121,25,2025-07-02 03:00:00
Hanako Sato,16.6,108,28,2025-07-02 03:00:00
Jiro Suzuki,16.6,94,30,2025-07-02 03:00:00
Yoshiko Watanabe,16.6,54,22,2025-07-02 03:00:00
Taro Yamada,19.3,163,33,2025-07-02 04:00:00
Hanako Sato,19.3,136,33,2025-07-02 04:00:00
Jiro Suzuki,19.3,113,41,2025-07-02 04:00:00
Yoshiko Watanabe,19.3,89,31,2025-07-02 04:00:00
Taro Yamada,17.2,204,49,2025-07-02 05:00:00
Hanako Sato,17.2,169,35,2025-07-02 05:00:00
Jiro Suzuki,17.2,150,54,2025-07-02 05:00:00
Yoshiko Watanabe,17.2,109,41,2025-07-02 05:00:00
Taro Yamada,18.8,208,52,2025-07-02 06:00:00
Hanako Sato,18.8,216,40,2025-07-02 06:00:00
Jiro Suzuki,18.8,153,64,2025-07-02 06:00:00
Yoshiko Watanabe,18.8,137,53,2025-07-02 06:00:00
Taro Yamada,19.7,698,70,2025-07-02 07:00:00
Hanako Sato,19.7,412,50,2025-07-02 07:00:00
Jiro Suzuki,19.7,169,64,2025-07-02 07:00:00
Yoshiko Watanabe,19.7,677,63,2025-07-02 07:00:00
Taro Yamada,20.8,939,79,2025-07-02 08:00:00
Hanako Sato,20.8,975,62,2025-07-02 08:00:00
Jiro Suzuki,20.8,577,66,2025-07-02 08:00:00
Yoshiko Watanabe,20.8,1111,71,2025-07-02 08:00:00
Taro Yamada,23.5,1390,97,2025-07-02 09:00:00
Hanako Sato,23.5,1068,70,2025-07-02 09:00:00
Jiro Suzuki,23.5,1313,68,2025-07-02 09:00:00
Yoshiko Watanabe,23.5,1411,90,2025-07-02 09:00:00
Taro Yamada,23.3,2051,110,2025-07-02 10:00:00
Hanako Sato,23.3,1278,83,2025-07-02 10:00:00
Jiro Suzuki,23.3,1797,85,2025-07-02 10:00:00
Yoshiko Watanabe,23.3,1769,96,2025-07-02 10:00:00
Taro Yamada,26.7,2369,131,2025-07-02 11:00:00
Hanako Sato,26.7,1820,109,2025-07-02 11:00:00
Jiro Suzuki,26.7,1968,97,2025-07-02 11:00:00
Yoshiko Watanabe,26.7,1956,120,2025-07-02 11:00:00
Taro Yamada,26.8,2787,201,2025-07-02 12:00:00
Hanako Sato,26.8,2319,164,2025-07-02 12:00:00
Jiro Suzuki,26.8,2128,160,2025-07-02 12:00:00
Yoshiko Watanabe,26.8,2082,169,2025-07-02 12:00:00
Taro Yamada,28.4,2810,264,2025-07-02 13:00:00
Hanako Sato,28.4,2981,225,2025-07-02 13:00:00
Jiro Suzuki,28.4,2619,217,2025-07-02 13:00:00
Yoshiko Watanabe,28.4,2281,236,2025-07-02 13:00:00
Taro Yamada,27.9,3583,307,2025-07-02 14:00:00
Hanako Sato,27.9,3021,261,2025-07-02 14:00:00
Jiro Suzuki,27.9,2914,239,2025-07-02 14:00:00
Yoshiko Watanabe,27.9,3158,276,2025-07-02 14:00:00
Taro Yamada,26.4,3785,345,2025-07-02 15:00:00
Hanako Sato,26.4,3794,288,2025-07-02 15:00:00
Jiro Suzuki,26.4,3357,263,2025-07-02 15:00:00
Yoshiko Watanabe,26.4,3672,296,2025-07-02 15:00:00
Taro Yamada,28.6,4073,381,2025-07-02 16:00:00
Hanako Sato,28.6,4063,319,2025-07-02 16:00:00
Jiro Suzuki,28.6,3782,298,2025-07-02 16:00:00
Yoshiko Watanabe,28.6,4649,344,2025-07-02 16:00:00
Taro Yamada,27.8,4276,423,2025-07-02 17:00:00
Hanako Sato,27.8,4141,349,2025-07-02 17:00:00
Jiro Suzuki,27.8,3984,339,2025-07-02 17:00:00
Yoshiko Watanabe,27.8,4673,386,2025-07-02 17:00:00
Taro Yamada,26.3,4755,518,2025-07-02 18:00:00
Hanako Sato,26.3,4600,433,2025-07-02 18:00:00
Jiro Suzuki,26.3,4580,421,2025-07-02 18:00:00
Yoshiko Watanabe,26.3,4932,475,2025-07-02 18:00:00
Taro Yamada,24.3,5206,612,2025-07-02 19:00:00
Hanako Sato,24.3,5015,514,2025-07-02 19:00:00
Jiro Suzuki,24.3,4627,515,2025-07-02 19:00:00
Yoshiko Watanabe,24.3,5126,567,2025-07-02 19:00:00
Taro Yamada,24.2,5447,696,2025-07-02 20:00:00
Hanako Sato,24.2,5578,601,2025-07-02 20:00:00
Jiro Suzuki,24.2,4893,599,2025-07-02 20:00:00
Yoshiko Watanabe,24.2,5244,657,2025-07-02 20:00:00
Taro Yamada,22.0,5808,725,2025-07-02 21:00:00
Hanako Sato,22.0,5730,624,2025-07-02 21:00:00
Jiro Suzuki,22.0,4974,636,2025-07-02 21:00:00
Yoshiko Watanabe,22.0,5770,692,2025-07-02 21:00:00
Taro Yamada,21.8,5825,756,2025-07-02 22:00:00
Hanako Sato,21.8,5764,665,2025-07-02 22:00:00
Jiro Suzuki,21.8,4996,673,2025-07-02 22:00:00
Yoshiko Watanabe,21.8,5819,727,2025-07-02 22:00:00
Taro Yamada,18.8,5834,789,2025-07-02 23:00:00
Hanako Sato,18.8,5784,708,2025-07-02 23:00:00
Jiro Suzuki,18.8,5016,712,2025-07-02 23:00:00
Yoshiko Watanabe,18.8,5828,771,2025-07-02 23:00:00
Taro Yamada,20.7,37,1,2025-07-03 00:00:00
Hanako Sato,20.7,43,15,2025-07-03 00:00:00
Jiro Suzuki,20.7,25,6,2025-07-03 00:00:00
Yoshiko Watanabe,20.7,50,6,2025-07-03 00:00:00
Taro Yamada,19.6,59,10,2025-07-03 01:00:00
Hanako Sato,19.6,45,28,2025-07-03 01:00:00
Jiro Suzuki,19.6,34,20,2025-07-03 01:00:00
Yoshiko Watanabe,19.6,61,9,2025-07-03 01:00:00
Taro Yamada,19.1,104,23,2025-07-03 02:00:00
Hanako Sato,19.1,48,31,2025-07-03 02:00:00
Jiro Suzuki,19.1,45,33,2025-07-03 02:00:00
Yoshiko Watanabe,19.1,103,18,2025-07-03 02:00:00
Taro Yamada,16.6,114,26,2025-07-03 03:00:00
Hanako Sato,16.6,66,33,2025-07-03 03:00:00
Jiro Suzuki,16.6,51,41,2025-07-03 03:00:00
Yoshiko Watanabe,16.6,108,26,2025-07-03 03:00:00
Taro Yamada,16.8,118,35,2025-07-03 04:00:00
Hanako Sato,16.8,91,42,2025-07-03 04:00:00
Jiro Suzuki,16.8,91,46,2025-07-03 04:00:00
Yoshiko Watanabe,16.8,138,39,2025-07-03 04:00:00
Taro Yamada,18.0,135,40,2025-07-03 05:00:00
Hanako Sato,18.0,133,49,2025-07-03 05:00:00
Jiro Suzuki,18.0,122,53,2025-07-03 05:00:00
Yoshiko Watanabe,18.0,143,42,2025-07-03 05:00:00
Taro Yamada,20.1,159,46,2025-07-03 06:00:00
Hanako Sato,20.1,162,53,2025-07-03 06:00:00
Jiro Suzuki,20.1,133,68,2025-07-03 06:00:00
Yoshiko Watanabe,20.1,176,48,2025-07-03 06:00:00
Taro Yamada,20.1,360,55,2025-07-03 07:00:00
Hanako Sato,20.1,917,62,2025-07-03 07:00:00
Jiro Suzuki,20.1,576,76,2025-07-03 07:00:00
Yoshiko Watanabe,20.1,529,64,2025-07-03 07:00:00
Taro Yamada,22.8,920,57,2025-07-03 08:00:00
Hanako Sato,22.8,1510,75,2025-07-03 08:00:00
Jiro Suzuki,22.8,627,92,2025-07-03 08:00:00
Yoshiko Watanabe,22.8,1228,74,2025-07-03 08:00:00
Taro Yamada,22.1,1367,70,2025-07-03 09:00:00
Hanako Sato,22.1,2107,88,2025-07-03 09:00:00
Jiro Suzuki,22.1,1221,113,2025-07-03 09:00:00
Yoshiko Watanabe,22.1,1390,89,2025-07-03 09:00:00
Taro Yamada,24.0,2072,81,2025-07-03 10:00:00
Hanako Sato,24.0,2711,100,2025-07-03 10:00:00
Jiro Suzuki,24.0,1501,123,2025-07-03 10:00:00
Yoshiko Watanabe,24.0,1623,94,2025-07-03 10:00:00
Taro Yamada,25.8,2474,100,2025-07-03 11:00:00
Hanako Sato,25.8,3132,130,2025-07-03 11:00:00
Jiro Suzuki,25.8,2276,138,2025-07-03 11:00:00
Yoshiko Watanabe,25.8,1776,120,2025-07-03 11:00:00
Taro Yamada,25.8,2483,153,2025-07-03 12:00:00
Hanako Sato,25.8,3566,193,2025-07-03 12:00:00
Jiro Suzuki,25.8,3043,205,2025-07-03 12:00:00
Yoshiko Watanabe,25.8,2666,185,2025-07-03 12:00:00
Taro Yamada,28.1,3206,226,2025-07-03 13:00:00
Hanako Sato,28.1,4146,270,2025-07-03 13:00:00
Jiro Suzuki,28.1,3944,277,2025-07-03 13:00:00
Yoshiko Watanabe,28.1,3549,250,2025-07-03 13:00:00
Taro Yamada,27.0,3635,251,2025-07-03 14:00:00
Hanako Sato,27.0,4277,299,2025-07-03 14:00:00
Jiro Suzuki,27.0,3953,300,2025-07-03 14:00:00
Yoshiko Watanabe,27.0,4340,281,2025-07-03 14:00:00
Taro Yamada,27.5,4240,281,2025-07-03 15:00:00
Hanako Sato,27.5,4642,344,2025-07-03 15:00:00
Jiro Suzuki,27.5,4475,344,2025-07-03 15:00:00
Yoshiko Watanabe,27.5,4755,329,2025-07-03 15:00:00
Taro Yamada,27.7,4405,312,2025-07-03 16:00:00
Hanako Sato,27.7,5220,379,2025-07-03 16:00:00
Jiro Suzuki,27.7,5339,378,2025-07-03 16:00:00
Yoshiko Watanabe,27.7,5240,367,2025-07-03 16:00:00
Taro Yamada,28.7,4722,362,2025-07-03 17:00:00
Hanako Sato,28.7,5581,420,2025-07-03 17:00:00
Jiro Suzuki,28.7,5343,417,2025-07-03 17:00:00
Yoshiko Watanabe,28.7,5421,419,2025-07-03 17:00:00
Taro Yamada,27.1,4779,463,2025-07-03 18:00:00
Hanako Sato,27.1,5868,520,2025-07-03 18:00:00
Jiro Suzuki,27.1,5471,513,2025-07-03 18:00:00
Yoshiko Watanabe,27.1,5545,521,2025-07-03 18:00:00
Taro Yamada,25.7,5170,556,2025-07-03 19:00:00
Hanako Sato,25.7,6293,620,2025-07-03 19:00:00
Jiro Suzuki,25.7,6015,603,2025-07-03 19:00:00
Yoshiko Watanabe,25.7,5680,616,2025-07-03 19:00:00
Taro Yamada,23.1,5761,639,2025-07-03 20:00:00
Hanako Sato,23.1,6804,709,2025-07-03 20:00:00
Jiro Suzuki,23.1,6231,691,2025-07-03 20:00:00
Yoshiko Watanabe,23.1,5703,702,2025-07-03 20:00:00
Taro Yamada,23.4,6361,678,2025-07-03 21:00:00
Hanako Sato,23.4,6965,738,2025-07-03 21:00:00
Jiro Suzuki,23.4,6783,730,2025-07-03 21:00:00
Yoshiko Watanabe,23.4,5922,735,2025-07-03 21:00:00
Taro Yamada,21.4,6398,705,2025-07-03 22:00:00
Hanako Sato,21.4,6994,783,2025-07-03 22:00:00
Jiro Suzuki,21.4,6821,777,2025-07-03 22:00:00
Yoshiko Watanabe,21.4,5929,779,2025-07-03 22:00:00
Taro Yamada,20.3,6428,747,2025-07-03 23:00:00
Hanako Sato,20.3,7009,813,2025-07-03 23:00:00
Jiro Suzuki,20.3,6869,820,2025-07-03 23:00:00
Yoshiko Watanabe,20.3,5967,816,2025-07-03 23:00:00
Taro Yamada,18.4,32,3,2025-07-04 00:00:00
Hanako Sato,18.4,15,15,2025-07-04 00:00:00
Jiro Suzuki,18.4,23,6,2025-07-04 00:00:00
Yoshiko Watanabe,18.4,7,13,2025-07-04 00:00:00
Taro Yamada,18.0,57,14,2025-07-04 01:00:00
Hanako Sato,18.0,58,24,2025-07-04 01:00:00
Jiro Suzuki,18.0,61,9,2025-07-04 01:00:00
Yoshiko Watanabe,18.0,49,17,2025-07-04 01:00:00
Taro Yamada,19.6,98,27,2025-07-04 02:00:00
Hanako Sato,19.6,64,24,2025-07-04 02:00:00
Jiro Suzuki,19.6,100,22,2025-07-04 02:00:00
Yoshiko Watanabe,19.6,96,32,2025-07-04 02:00:00
Taro Yamada,17.6,140,42,2025-07-04 03:00:00
Hanako Sato,17.6,94,33,2025-07-04 03:00:00
Jiro Suzuki,17.6,100,27,2025-07-04 03:00:00
Yoshiko Watanabe,17.6,144,46,2025-07-04 03:00:00
Taro Yamada,17.6,142,54,2025-07-04 04:00:00
Hanako Sato,17.6,96,46,2025-07-04 04:00:00
Jiro Suzuki,17.6,136,42,2025-07-04 04:00:00
Yoshiko Watanabe,17.6,147,59,2025-07-04 04:00:00
Taro Yamada,17.9,162,58,2025-07-04 05:00:00
Hanako Sato,17.9,97,51,2025-07-04 05:00:00
Jiro Suzuki,17.9,139,43,2025-07-04 05:00:00
Yoshiko Watanabe,17.9,172,65,2025-07-04 05:00:00
Taro Yamada,20.7,201,60,2025-07-04 06:00:00
Hanako Sato,20.7,116,62,2025-07-04 06:00:00
Jiro Suzuki,20.7,151,49,2025-07-04 06:00:00
Yoshiko Watanabe,20.7,218,69,2025-07-04 06:00:00
Taro Yamada,21.5,746,72,2025-07-04 07:00:00
Hanako Sato,21.5,136,74,2025-07-04 07:00:00
Jiro Suzuki,21.5,585,56,2025-07-04 07:00:00
Yoshiko Watanabe,21.5,240,75,2025-07-04 07:00:00
Taro Yamada,21.6,1032,77,2025-07-04 08:00:00
Hanako Sato,21.6,148,85,2025-07-04 08:00:00
Jiro Suzuki,21.6,617,56,2025-07-04 08:00:00
Yoshiko Watanabe,21.6,451,88,2025-07-04 08:00:00
Taro Yamada,22.0,1186,78,2025-07-04 09:00:00
Hanako Sato,22.0,482,90,2025-07-04 09:00:00
Jiro Suzuki,22.0,1366,65,2025-07-04 09:00:00
Yoshiko Watanabe,22.0,626,104,2025-07-04 09:00:00
Taro Yamada,25.4,1749,94,2025-07-04 10:00:00
Hanako Sato,25.4,649,107,2025-07-04 10:00:00
Jiro Suzuki,25.4,1842,79,2025-07-04 10:00:00
Yoshiko Watanabe,25.4,1167,123,2025-07-04 10:00:00
Taro Yamada,24.6,2241,119,2025-07-04 11:00:00
Hanako Sato,24.6,1643,130,2025-07-04 11:00:00
Jiro Suzuki,24.6,1957,90,2025-07-04 11:00:00
Yoshiko Watanabe,24.6,1752,135,2025-07-04 11:00:00
Taro Yamada,25.3,2383,169,2025-07-04 12:00:00
Hanako Sato,25.3,1735,192,2025-07-04 12:00:00
Jiro Suzuki,25.3,2151,136,2025-07-04 12:00:00
Yoshiko Watanabe,25.3,2436,185,2025-07-04 12:00:00
Taro Yamada,29.0,2802,233,2025-07-04 13:00:00
Hanako Sato,29.0,2574,268,2025-07-04 13:00:00
Jiro Suzuki,29.0,2636,212,2025-07-04 13:00:00
Yoshiko Watanabe,29.0,3036,250,2025-07-04 13:00:00
Taro Yamada,27.4,3465,270,2025-07-04 14:00:00
Hanako Sato,27.4,3320,290,2025-07-04 14:00:00
Jiro Suzuki,27.4,2910,240,2025-07-04 14:00:00
Yoshiko Watanabe,27.4,3612,292,2025-07-04 14:00:00
Taro Yamada,29.5,3874,308,2025-07-04 15:00:00
Hanako Sato,29.5,3512,333,2025-07-04 15:00:00
Jiro Suzuki,29.5,2924,271,2025-07-04 15:00:00
Yoshiko Watanabe,29.5,4315,326,2025-07-04 15:00:00
Taro Yamada,28.2,4424,338,2025-07-04 16:00:00
Hanako Sato,28.2,3591,368,2025-07-04 16:00:00
Jiro Suzuki,28.2,3319,314,2025-07-04 16:00:00
Yoshiko Watanabe,28.2,5192,379,2025-07-04 16:00:00
Taro Yamada,26.9,4693,375,2025-07-04 17:00:00
Hanako Sato,26.9,3686,407,2025-07-04 17:00:00
Jiro Suzuki,26.9,3775,344,2025-07-04 17:00:00
Yoshiko Watanabe,26.9,5762,425,2025-07-04 17:00:00
Taro Yamada,25.5,5158,457,2025-07-04 18:00:00
Hanako Sato,25.5,3941,501,2025-07-04 18:00:00
Jiro Suzuki,25.5,4018,428,2025-07-04 18:00:00
Yoshiko Watanabe,25.5,5918,517,2025-07-04 18:00:00
Taro Yamada,27.1,5732,545,2025-07-04 19:00:00
Hanako Sato,27.1,4004,589,2025-07-04 19:00:00
Jiro Suzuki,27.1,4191,513,2025-07-04 19:00:00
Yoshiko Watanabe,27.1,6126,622,2025-07-04 19:00:00
Taro Yamada,23.6,5934,629,2025-07-04 20:00:00
Hanako Sato,23.6,4297,663,2025-07-04 20:00:00
Jiro Suzuki,23.6,4324,595,2025-07-04 20:00:00
Yoshiko Watanabe,23.6,6520,712,2025-07-04 20:00:00
Taro Yamada,22.8,5957,666,2025-07-04 21:00:00
Hanako Sato,22.8,4303,683,2025-07-04 21:00:00
Jiro Suzuki,22.8,4462,626,2025-07-04 21:00:00
Yoshiko Watanabe,22.8,6551,746,2025-07-04 21:00:00
Taro Yamada,23.2,6001,693,2025-07-04 22:00:00
Hanako Sato,23.2,4309,715,2025-07-04 22:00:00
Jiro Suzuki,23.2,4493,644,2025-07-04 22:00:00
Yoshiko Watanabe,23.2,6601,785,2025-07-04 22:00:00
Taro Yamada,19.7,6004,720,2025-07-04 23:00:00
Hanako Sato,19.7,4328,751,2025-07-04 23:00:00
Jiro Suzuki,19.7,4517,665,2025-07-04 23:00:00
Yoshiko Watanabe,19.7,6607,827,2025-07-04 23:00:00
Taro Yamada,19.3,47,7,2025-07-05 00:00:00
Hanako Sato,19.3,12,7,2025-07-05 00:00:00
Jiro Suzuki,19.3,25,9,2025-07-05 00:00:00
Yoshiko Watanabe,19.3,4,2,2025-07-05 00:00:00
Taro Yamada,17.8,75,8,2025-07-05 01:00:00
Hanako Sato,17.8,59,9,2025-07-05 01:00:00
Jiro Suzuki,17.8,48,13,2025-07-05 01:00:00
Yoshiko Watanabe,17.8,21,17,2025-07-05 01:00:00
Taro Yamada,17.8,114,12,2025-07-05 02:00:00
Hanako Sato,17.8,83,10,2025-07-05 02:00:00
Jiro Suzuki,17.8,58,24,2025-07-05 02:00:00
Yoshiko Watanabe,17.8,50,29,2025-07-05 02:00:00
Taro Yamada,19.0,114,25,2025-07-05 03:00:00
Hanako Sato,19.0,102,13,2025-07-05 03:00:00
Jiro Suzuki,19.0,60,29,2025-07-05 03:00:00
Yoshiko Watanabe,19.0,66,38,2025-07-05 03:00:00
Taro Yamada,18.7,126,36,2025-07-05 04:00:00
Hanako Sato,18.7,110,28,2025-07-05 04:00:00
Jiro Suzuki,18.7,77,30,2025-07-05 04:00:00
Yoshiko Watanabe,18.7,67,42,2025-07-05 04:00:00
Taro Yamada,19.1,130,47,2025-07-05 05:00:00
Hanako Sato,19.1,150,40,2025-07-05 05:00:00
Jiro Suzuki,19.1,87,45,2025-07-05 05:00:00
Yoshiko Watanabe,19.1,102,48,2025-07-05 05:00:00
Taro Yamada,18.6,160,52,2025-07-05 06:00:00
Hanako Sato,18.6,173,45,2025-07-05 06:00:00
Jiro Suzuki,18.6,111,53,2025-07-05 06:00:00
Yoshiko Watanabe,18.6,122,62,2025-07-05 06:00:00
Taro Yamada,20.6,902,69,2025-07-05 07:00:00
Hanako Sato,20.6,509,61,2025-07-05 07:00:00
Jiro Suzuki,20.6,149,58,2025-07-05 07:00:00
Yoshiko Watanabe,20.6,146,72,2025-07-05 07:00:00
Taro Yamada,23.4,1297,86,2025-07-05 08:00:00
Hanako Sato,23.4,864,73,2025-07-05 08:00:00
Jiro Suzuki,23.4,182,73,2025-07-05 08:00:00
Yoshiko Watanabe,23.4,827,85,2025-07-05 08:00:00
Taro Yamada,22.8,1832,103,2025-07-05 09:00:00
Hanako Sato,22.8,1653,78,2025-07-05 09:00:00
Jiro Suzuki,22.8,955,74,2025-07-05 09:00:00
Yoshiko Watanabe,22.8,1524,99,2025-07-05 09:00:00
Taro Yamada,23.5,2266,128,2025-07-05 10:00:00
Hanako Sato,23.5,2359,94,2025-07-05 10:00:00
Jiro Suzuki,23.5,1170,84,2025-07-05 10:00:00
Yoshiko Watanabe,23.5,1614,122,2025-07-05 10:00:00
Taro Yamada,26.8,2897,152,2025-07-05 11:00:00
Hanako Sato,26.8,2755,116,2025-07-05 11:00:00
Jiro Suzuki,26.8,2136,105,2025-07-05 11:00:00
Yoshiko Watanabe,26.8,2144,148,2025-07-05 11:00:00
Taro Yamada,26.7,3088,225,2025-07-05 12:00:00
Hanako Sato,26.7,2898,171,2025-07-05 12:00:00
Jiro Suzuki,26.7,2402,161,2025-07-05 12:00:00
Yoshiko Watanabe,26.7,2919,202,2025-07-05 12:00:00
Taro Yamada,27.8,3833,288,2025-07-05 13:00:00
Hanako Sato,27.8,3037,234,2025-07-05 13:00:00
Jiro Suzuki,27.8,3205,238,2025-07-05 13:00:00
Yoshiko Watanabe,27.8,3007,272,2025-07-05 13:00:00
Taro Yamada,28.6,4219,329,2025-07-05 14:00:00
Hanako Sato,28.6,3681,264,2025-07-05 14:00:00
Jiro Suzuki,28.6,3752,274,2025-07-05 14:00:00
Yoshiko Watanabe,28.6,3317,309,2025-07-05 14:00:00
Taro Yamada,29.4,5114,381,2025-07-05 15:00:00
Hanako Sato,29.4,4644,302,2025-07-05 15:00:00
Jiro Suzuki,29.4,4113,315,2025-07-05 15:00:00
Yoshiko Watanabe,29.4,3413,350,2025-07-05 15:00:00
Taro Yamada,28.8,5566,434,2025-07-05 16:00:00
Hanako Sato,28.8,4834,340,2025-07-05 16:00:00
Jiro Suzuki,28.8,4494,362,2025-07-05 16:00:00
Yoshiko Watanabe,28.8,4300,380,2025-07-05 16:00:00
Taro Yamada,27.8,6139,483,2025-07-05 17:00:00
Hanako Sato,27.8,4859,380,2025-07-05 17:00:00
Jiro Suzuki,27.8,4597,404,2025-07-05 17:00:00
Yoshiko Watanabe,27.8,4498,417,2025-07-05 17:00:00
Taro Yamada,26.0,6406,581,2025-07-05 18:00:00
Hanako Sato,26.0,4923,465,2025-07-05 18:00:00
Jiro Suzuki,26.0,4742,494,2025-07-05 18:00:00
Yoshiko Watanabe,26.0,4877,507,2025-07-05 18:00:00
Taro Yamada,26.7,6419,689,2025-07-05 19:00:00
Hanako Sato,26.7,5294,562,2025-07-05 19:00:00
Jiro Suzuki,26.7,4782,581,2025-07-05 19:00:00
Yoshiko Watanabe,26.7,4935,602,2025-07-05 19:00:00
Taro Yamada,23.3,6792,775,2025-07-05 20:00:00
Hanako Sato,23.3,5881,647,2025-07-05 20:00:00
Jiro Suzuki,23.3,5008,664,2025-07-05 20:00:00
Yoshiko Watanabe,23.3,5409,693,2025-07-05 20:00:00
Taro Yamada,21.9,6834,810,2025-07-05 21:00:00
Hanako Sato,21.9,6481,688,2025-07-05 21:00:00
Jiro Suzuki,21.9,5499,694,2025-07-05 21:00:00
Yoshiko Watanabe,21.9,5441,729,2025-07-05 21:00:00
Taro Yamada,21.0,6839,851,2025-07-05 22:00:00
Hanako Sato,21.0,6489,722,2025-07-05 22:00:00
Jiro Suzuki,21.0,5539,724,2025-07-05 22:00:00
Yoshiko Watanabe,21.0,5480,768,2025-07-05 22:00:00
Taro Yamada,20.9,6839,892,2025-07-05 23:00:00
Hanako Sato,20.9,6500,760,2025-07-05 23:00:00
Jiro Suzuki,20.9,5542,753,2025-07-05 23:00:00
Yoshiko Watanabe,20.9,5524,794,2025-07-05 23:00:00
Taro Yamada,20.7,9,10,2025-07-06 00:00:00
Hanako Sato,20.7,13,10,2025-07-06 00:00:00
Jiro Suzuki,20.7,44,10,2025-07-06 00:00:00
Yoshiko Watanabe,20.7,9,7,2025-07-06 00:00:00
Taro Yamada,18.9,25,11,2025-07-06 01:00:00
Hanako Sato,18.9,37,22,2025-07-06 01:00:00
Jiro Suzuki,18.9,54,11,2025-07-06 01:00:00
Yoshiko Watanabe,18.9,50,13,2025-07-06 01:00:00
Taro Yamada,18.5,50,14,2025-07-06 02:00:00
Hanako Sato,18.5,49,36,2025-07-06 02:00:00
Jiro Suzuki,18.5,89,11,2025-07-06 02:00:00
Yoshiko Watanabe,18.5,60,16,2025-07-06 02:00:00
Taro Yamada,18.8,70,19,2025-07-06 03:00:00
Hanako Sato,18.8,91,36,2025-07-06 03:00:00
Jiro Suzuki,18.8,114,15,2025-07-06 03:00:00
Yoshiko Watanabe,18.8,82,27,2025-07-06 03:00:00
Taro Yamada,19.3,80,32,2025-07-06 04:00:00
Hanako Sato,19.3,129,49,2025-07-06 04:00:00
Jiro Suzuki,19.3,147,21,2025-07-06 04:00:00
Yoshiko Watanabe,19.3,113,30,2025-07-06 04:00:00
Taro Yamada,18.4,90,36,2025-07-06 05:00:00
Hanako Sato,18.4,159,59,2025-07-06 05:00:00
Jiro Suzuki,18.4,155,34,2025-07-06 05:00:00
Yoshiko Watanabe,18.4,130,30,2025-07-06 05:00:00
Taro Yamada,20.2,117,50,2025-07-06 06:00:00
Hanako Sato,20.2,203,66,2025-07-06 06:00:00
Jiro Suzuki,20.2,187,38,2025-07-06 06:00:00
Yoshiko Watanabe,20.2,162,38,2025-07-06 06:00:00
Taro Yamada,20.9,276,60,2025-07-06 07:00:00
Hanako Sato,20.9,754,69,2025-07-06 07:00:00
Jiro Suzuki,20.9,308,47,2025-07-06 07:00:00
Yoshiko Watanabe,20.9,774,38,2025-07-06 07:00:00
Taro Yamada,23.3,688,76,2025-07-06 08:00:00
Hanako Sato,23.3,1543,71,2025-07-06 08:00:00
Jiro Suzuki,23.3,391,51,2025-07-06 08:00:00
Yoshiko Watanabe,23.3,1300,42,2025-07-06 08:00:00
Taro Yamada,24.3,1114,93,2025-07-06 09:00:00
Hanako Sato,24.3,1595,81,2025-07-06 09:00:00
Jiro Suzuki,24.3,820,61,2025-07-06 09:00:00
Yoshiko Watanabe,24.3,1334,45,2025-07-06 09:00:00
Taro Yamada,25.3,1886,118,2025-07-06 10:00:00
Hanako Sato,25.3,1979,92,2025-07-06 10:00:00
Jiro Suzuki,25.3,829,78,2025-07-06 10:00:00
Yoshiko Watanabe,25.3,2112,62,2025-07-06 10:00:00
Taro Yamada,26.7,2140,131,2025-07-06 11:00:00
Hanako Sato,26.7,2601,123,2025-07-06 11:00:00
Jiro Suzuki,26.7,1259,105,2025-07-06 11:00:00
Yoshiko Watanabe,26.7,2836,89,2025-07-06 11:00:00
Taro Yamada,27.3,2552,189,2025-07-06 12:00:00
Hanako Sato,27.3,2812,185,2025-07-06 12:00:00
Jiro Suzuki,27.3,1962,159,2025-07-06 12:00:00
Yoshiko Watanabe,27.3,2926,147,2025-07-06 12:00:00
Taro Yamada,28.8,2931,250,2025-07-06 13:00:00
Hanako Sato,28.8,3529,266,2025-07-06 13:00:00
Jiro Suzuki,28.8,2061,215,2025-07-06 13:00:00
Yoshiko Watanabe,28.8,3673,220,2025-07-06 13:00:00
Taro Yamada,29.8,3225,286,2025-07-06 14:00:00
Hanako Sato,29.8,4015,308,2025-07-06 14:00:00
Jiro Suzuki,29.8,2699,252,2025-07-06 14:00:00
Yoshiko Watanabe,29.8,3920,264,2025-07-06 14:00:00
Taro Yamada,28.2,4106,328,2025-07-06 15:00:00
Hanako Sato,28.2,4592,354,2025-07-06 15:00:00
Jiro Suzuki,28.2,3391,278,2025-07-06 15:00:00
Yoshiko Watanabe,28.2,4322,298,2025-07-06 15:00:00
Taro Yamada,28.7,4442,378,2025-07-06 16:00:00
Hanako Sato,28.7,5511,401,2025-07-06 16:00:00
Jiro Suzuki,28.7,3446,306,2025-07-06 16:00:00
Yoshiko Watanabe,28.7,5232,334,2025-07-06 16:00:00
Taro Yamada,29.0,4599,426,2025-07-06 17:00:00
Hanako Sato,29.0,5980,446,2025-07-06 17:00:00
Jiro Suzuki,29.0,3476,350,2025-07-06 17:00:00
Yoshiko Watanabe,29.0,5797,379,2025-07-06 17:00:00
Taro Yamada,26.3,4707,512,2025-07-06 18:00:00
Hanako Sato,26.3,6005,539,2025-07-06 18:00:00
Jiro Suzuki,26.3,3906,433,2025-07-06 18:00:00
Yoshiko Watanabe,26.3,6149,485,2025-07-06 18:00:00
Taro Yamada,26.5,4851,598,2025-07-06 19:00:00
Hanako Sato,26.5,6520,632,2025-07-06 19:00:00
Jiro Suzuki,26.5,4317,530,2025-07-06 19:00:00
Yoshiko Watanabe,26.5,6259,587,2025-07-06 19:00:00
Taro Yamada,24.3,5194,680,2025-07-06 20:00:00
Hanako Sato,24.3,7077,724,2025-07-06 20:00:00
Jiro Suzuki,24.3,4697,617,2025-07-06 20:00:00
Yoshiko Watanabe,24.3,6395,688,2025-07-06 20:00:00
Taro Yamada,24.1,5605,722,2025-07-06 21:00:00
Hanako Sato,24.1,7537,771,2025-07-06 21:00:00
Jiro Suzuki,24.1,4724,651,2025-07-06 21:00:00
Yoshiko Watanabe,24.1,6943,727,2025-07-06 21:00:00
Taro Yamada,21.1,5618,751,2025-07-06 22:00:00
Hanako Sato,21.1,7541,807,2025-07-06 22:00:00
Jiro Suzuki,21.1,4749,677,2025-07-06 22:00:00
Yoshiko Watanabe,21.1,6961,767,2025-07-06 22:00:00
Taro Yamada,22.3,5638,791,2025-07-06 23:00:00
Hanako Sato,22.3,7558,858,2025-07-06 23:00:00
Jiro Suzuki,22.3,4760,708,2025-07-06 23:00:00
Yoshiko Watanabe,22.3,6971,812,2025-07-06 23:00:00
Taro Yamada,20.9,15,0,2025-07-07 00:00:00
Hanako Sato,20.9,27,13,2025-07-07 00:00:00
Jiro Suzuki,20.9,37,10,2025-07-07 00:00:00
Yoshiko Watanabe,20.9,16,15,2025-07-07 00:00:00
Taro Yamada,20.0,17,14,2025-07-07 01:00:00
Hanako Sato,20.0,73,18,2025-07-07 01:00:00
Jiro Suzuki,20.0,50,15,2025-07-07 01:00:00
Yoshiko Watanabe,20.0,22,22,2025-07-07 01:00:00
Taro Yamada,19.6,56,14,2025-07-07 02:00:00
Hanako Sato,19.6,106,26,2025-07-07 02:00:00
Jiro Suzuki,19.6,72,18,2025-07-07 02:00:00
Yoshiko Watanabe,19.6,34,25,2025-07-07 02:00:00
Taro Yamada,19.5,94,18,2025-07-07 03:00:00
Hanako Sato,19.5,138,37,2025-07-07 03:00:00
Jiro Suzuki,19.5,118,33,2025-07-07 03:00:00
Yoshiko Watanabe,19.5,36,37,2025-07-07 03:00:00
Taro Yamada,17.7,124,18,2025-07-07 04:00:00
Hanako Sato,17.7,188,46,2025-07-07 04:00:00
Jiro Suzuki,17.7,152,45,2025-07-07 04:00:00
Yoshiko Watanabe,17.7,70,39,2025-07-07 04:00:00
Taro Yamada,19.5,128,29,2025-07-07 05:00:00
Hanako Sato,19.5,205,60,2025-07-07 05:00:00
Jiro Suzuki,19.5,180,45,2025-07-07 05:00:00
Yoshiko Watanabe,19.5,93,49,2025-07-07 05:00:00
Taro Yamada,20.9,135,29,2025-07-07 06:00:00
Hanako Sato,20.9,255,65,2025-07-07 06:00:00
Jiro Suzuki,20.9,184,54,2025-07-07 06:00:00
Yoshiko Watanabe,20.9,134,53,2025-07-07 06:00:00
Taro Yamada,21.0,917,29,2025-07-07 07:00:00
Hanako Sato,21.0,540,74,2025-07-07 07:00:00
Jiro Suzuki,21.0,618,66,2025-07-07 07:00:00
Yoshiko Watanabe,21.0,815,66,2025-07-07 07:00:00
Taro Yamada,23.4,1078,36,2025-07-07 08:00:00
Hanako Sato,23.4,831,76,2025-07-07 08:00:00
Jiro Suzuki,23.4,1144,73,2025-07-07 08:00:00
Yoshiko Watanabe,23.4,1197,79,2025-07-07 08:00:00
Taro Yamada,23.1,1380,52,2025-07-07 09:00:00
Hanako Sato,23.1,1287,78,2025-07-07 09:00:00
Jiro Suzuki,23.1,1260,80,2025-07-07 09:00:00
Yoshiko Watanabe,23.1,1825,95,2025-07-07 09:00:00
Taro Yamada,25.3,1559,60,2025-07-07 10:00:00
Hanako Sato,25.3,1915,86,2025-07-07 10:00:00
Jiro Suzuki,25.3,1726,104,2025-07-07 10:00:00
Yoshiko Watanabe,25.3,1890,111,2025-07-07 10:00:00
Taro Yamada,27.6,2489,86,2025-07-07 11:00:00
Hanako Sato,27.6,2173,108,2025-07-07 11:00:00
Jiro Suzuki,27.6,1948,120,2025-07-07 11:00:00
Yoshiko Watanabe,27.6,2870,134,2025-07-07 11:00:00
Taro Yamada,27.2,2661,158,2025-07-07 12:00:00
Hanako Sato,27.2,2470,176,2025-07-07 12:00:00
Jiro Suzuki,27.2,1952,181,2025-07-07 12:00:00
Yoshiko Watanabe,27.2,3292,193,2025-07-07 12:00:00
Taro Yamada,26.8,3634,233,2025-07-07 13:00:00
Hanako Sato,26.8,2591,237,2025-07-07 13:00:00
Jiro Suzuki,26.8,2295,234,2025-07-07 13:00:00
Yoshiko Watanabe,26.8,3705,254,2025-07-07 13:00:00
Taro Yamada,29.2,4550,273,2025-07-07 14:00:00
Hanako Sato,29.2,3062,268,2025-07-07 14:00:00
Jiro Suzuki,29.2,2810,272,2025-07-07 14:00:00
Yoshiko Watanabe,29.2,4067,291,2025-07-07 14:00:00
Taro Yamada,29.5,4775,323,2025-07-07 15:00:00
Hanako Sato,29.5,3214,308,2025-07-07 15:00:00
Jiro Suzuki,29.5,3425,304,2025-07-07 15:00:00
Yoshiko Watanabe,29.5,4470,334,2025-07-07 15:00:00
Taro Yamada,27.4,5481,375,2025-07-07 16:00:00
Hanako Sato,27.4,4129,334,2025-07-07 16:00:00
Jiro Suzuki,27.4,3995,345,2025-07-07 16:00:00
Yoshiko Watanabe,27.4,4782,366,2025-07-07 16:00:00
Taro Yamada,28.5,5529,414,2025-07-07 17:00:00
Hanako Sato,28.5,4370,373,2025-07-07 17:00:00
Jiro Suzuki,28.5,4150,394,2025-07-07 17:00:00
Yoshiko Watanabe,28.5,4954,414,2025-07-07 17:00:00
Taro Yamada,28.0,5966,516,2025-07-07 18:00:00
Hanako Sato,28.0,4540,471,2025-07-07 18:00:00
Jiro Suzuki,28.0,4651,491,2025-07-07 18:00:00
Yoshiko Watanabe,28.0,5517,503,2025-07-07 18:00:00
Taro Yamada,26.8,6536,611,2025-07-07 19:00:00
Hanako Sato,26.8,5140,556,2025-07-07 19:00:00
Jiro Suzuki,26.8,4777,584,2025-07-07 19:00:00
Yoshiko Watanabe,26.8,5989,606,2025-07-07 19:00:00
Taro Yamada,25.2,6597,711,2025-07-07 20:00:00
Hanako Sato,25.2,5422,653,2025-07-07 20:00:00
Jiro Suzuki,25.2,5316,675,2025-07-07 20:00:00
Yoshiko Watanabe,25.2,6459,709,2025-07-07 20:00:00
Taro Yamada,24.0,6868,740,2025-07-07 21:00:00
Hanako Sato,24.0,5799,695,2025-07-07 21:00:00
Jiro Suzuki,24.0,5483,707,2025-07-07 21:00:00
Yoshiko Watanabe,24.0,6957,749,2025-07-07 21:00:00
Taro Yamada,22.7,6904,782,2025-07-07 22:00:00
Hanako Sato,22.7,5832,737,2025-07-07 22:00:00
Jiro Suzuki,22.7,5518,740,2025-07-07 22:00:00
Yoshiko Watanabe,22.7,6990,797,2025-07-07 22:00:00
Taro Yamada,20.7,6920,813,2025-07-07 23:00:00
Hanako Sato,20.7,5835,767,2025-07-07 23:00:00
Jiro Suzuki,20.7,5534,780,2025-07-07 23:00:00
Yoshiko Watanabe,20.7,6994,829,2025-07-07 23:00:00
Taro Yamada,21.5,39,9,2025-07-08 00:00:00
Hanako Sato,21.5,23,13,2025-07-08 00:00:00
Jiro Suzuki,21.5,49,11,2025-07-08 00:00:00
Yoshiko Watanabe,21.5,26,9,2025-07-08 00:00:00
Taro Yamada,20.5,60,22,2025-07-08 01:00:00
Hanako Sato,20.5,68,28,2025-07-08 01:00:00
Jiro Suzuki,20.5,53,16,2025-07-08 01:00:00
Yoshiko Watanabe,20.5,59,14,2025-07-08 01:00:00
Taro Yamada,20.6,76,34,2025-07-08 02:00:00
Hanako Sato,20.6,79,32,2025-07-08 02:00:00
Jiro Suzuki,20.6,84,30,2025-07-08 02:00:00
Yoshiko Watanabe,20.6,82,23,2025-07-08 02:00:00
Taro Yamada,17.7,115,47,2025-07-08 03:00:00
Hanako Sato,17.7,107,47,2025-07-08 03:00:00
Jiro Suzuki,17.7,115,40,2025-07-08 03:00:00
Yoshiko Watanabe,17.7,123,23,2025-07-08 03:00:00
Taro Yamada,20.0,148,59,2025-07-08 04:00:00
Hanako Sato,20.0,120,51,2025-07-08 04:00:00
Jiro Suzuki,20.0,115,42,2025-07-08 04:00:00
Yoshiko Watanabe,20.0,141,27,2025-07-08 04:00:00
Taro Yamada,19.7,154,62,2025-07-08 05:00:00
Hanako Sato,19.7,158,61,2025-07-08 05:00:00
Jiro Suzuki,19.7,154,51,2025-07-08 05:00:00
Yoshiko Watanabe,19.7,163,29,2025-07-08 05:00:00
Taro Yamada,20.4,168,73,2025-07-08 06:00:00
Hanako Sato,20.4,198,67,2025-07-08 06:00:00
Jiro Suzuki,20.4,163,63,2025-07-08 06:00:00
Yoshiko Watanabe,20.4,202,35,2025-07-08 06:00:00
Taro Yamada,22.9,594,82,2025-07-08 07:00:00
Hanako Sato,22.9,984,82,2025-07-08 07:00:00
Jiro Suzuki,22.9,760,79,2025-07-08 07:00:00
Yoshiko Watanabe,22.9,812,44,2025-07-08 07:00:00
Taro Yamada,21.4,1236,83,2025-07-08 08:00:00
Hanako Sato,21.4,1427,94,2025-07-08 08:00:00
Jiro Suzuki,21.4,1156,89,2025-07-08 08:00:00
Yoshiko Watanabe,21.4,1202,58,2025-07-08 08:00:00
Taro Yamada,24.3,1261,87,2025-07-08 09:00:00
Hanako Sato,24.3,1644,105,2025-07-08 09:00:00
Jiro Suzuki,24.3,1905,96,2025-07-08 09:00:00
Yoshiko Watanabe,24.3,1540,66,2025-07-08 09:00:00
Taro Yamada,26.6,2087,114,2025-07-08 10:00:00
Hanako Sato,26.6,1689,129,2025-07-08 10:00:00
Jiro Suzuki,26.6,2161,114,2025-07-08 10:00:00
Yoshiko Watanabe,26.6,1643,80,2025-07-08 10:00:00
Taro Yamada,26.7,2291,129,2025-07-08 11:00:00
Hanako Sato,26.7,2542,149,2025-07-08 11:00:00
Jiro Suzuki,26.7,2694,140,2025-07-08 11:00:00
Yoshiko Watanabe,26.7,2238,108,2025-07-08 11:00:00
Taro Yamada,28.0,3232,192,2025-07-08 12:00:00
Hanako Sato,28.0,2733,213,2025-07-08 12:00:00
Jiro Suzuki,28.0,2717,203,2025-07-08 12:00:00
Yoshiko Watanabe,28.0,2903,168,2025-07-08 12:00:00
Taro Yamada,27.3,3974,251,2025-07-08 13:00:00
Hanako Sato,27.3,3634,273,2025-07-08 13:00:00
Jiro Suzuki,27.3,2759,276,2025-07-08 13:00:00
Yoshiko Watanabe,27.3,2939,229,2025-07-08 13:00:00
Taro Yamada,29.0,4590,302,2025-07-08 14:00:00
Hanako Sato,29.0,3763,316,2025-07-08 14:00:00
Jiro Suzuki,29.0,3481,322,2025-07-08 14:00:00
Yoshiko Watanabe,29.0,3191,263,2025-07-08 14:00:00
Taro Yamada,28.6,4746,351,2025-07-08 15:00:00
Hanako Sato,28.6,4382,363,2025-07-08 15:00:00
Jiro Suzuki,28.6,4375,367,2025-07-08 15:00:00
Yoshiko Watanabe,28.6,3511,297,2025-07-08 15:00:00
Taro Yamada,28.6,5412,401,2025-07-08 16:00:00
Hanako Sato,28.6,4671,402,2025-07-08 16:00:00
Jiro Suzuki,28.6,5272,408,2025-07-08 16:00:00
Yoshiko Watanabe,28.6,4076,334,2025-07-08 16:00:00
Taro Yamada,27.7,5852,439,2025-07-08 17:00:00
Hanako Sato,27.7,4998,436,2025-07-08 17:00:00
Jiro Suzuki,27.7,5615,462,2025-07-08 17:00:00
Yoshiko Watanabe,27.7,4603,364,2025-07-08 17:00:00
Taro Yamada,28.6,6147,533,2025-07-08 18:00:00
Hanako Sato,28.6,5389,539,2025-07-08 18:00:00
Jiro Suzuki,28.6,6050,556,2025-07-08 18:00:00
Yoshiko Watanabe,28.6,5177,460,2025-07-08 18:00:00
Taro Yamada,27.2,6207,633,2025-07-08 19:00:00
Hanako Sato,27.2,5544,629,2025-07-08 19:00:00
Jiro Suzuki,27.2,6267,650,2025-07-08 19:00:00
Yoshiko Watanabe,27.2,5485,555,2025-07-08 19:00:00
Taro Yamada,24.5,6445,717,2025-07-08 20:00:00
Hanako Sato,24.5,5944,716,2025-07-08 20:00:00
Jiro Suzuki,24.5,6737,735,2025-07-08 20:00:00
Yoshiko Watanabe,24.5,5637,642,2025-07-08 20:00:00
Taro Yamada,25.0,6529,760,2025-07-08 21:00:00
Hanako Sato,25.0,6105,751,2025-07-08 21:00:00
Jiro Suzuki,25.0,7054,784,2025-07-08 21:00:00
Yoshiko Watanabe,25.0,5692,685,2025-07-08 21:00:00
Taro Yamada,21.7,6562,804,2025-07-08 22:00:00
Hanako Sato,21.7,6147,783,2025-07-08 22:00:00
Jiro Suzuki,21.7,7071,822,2025-07-08 22:00:00
Yoshiko Watanabe,21.7,5730,727,2025-07-08 22:00:00
Taro Yamada,22.7,6589,835,2025-07-08 23:00:00
Hanako Sato,22.7,6174,825,2025-07-08 23:00:00
Jiro Suzuki,22.7,7073,862,2025-07-08 23:00:00
Yoshiko Watanabe,22.7,5770,753,2025-07-08 23:00:00
Taro Yamada,20.9,5,13,2025-07-09 00:00:00
Hanako Sato,20.9,39,3,2025-07-09 00:00:00
Jiro Suzuki,20.9,12,15,2025-07-09 00:00:00
Yoshiko Watanabe,20.9,25,6,2025-07-09 00:00:00
Taro Yamada,18.8,19,26,2025-07-09 01:00:00
Hanako Sato,18.8,63,4,2025-07-09 01:00:00
Jiro Suzuki,18.8,50,29,2025-07-09 01:00:00
Yoshiko Watanabe,18.8,50,9,2025-07-09 01:00:00
Taro Yamada,18.5,27,35,2025-07-09 02:00:00
Hanako Sato,18.5,68,18,2025-07-09 02:00:00
Jiro Suzuki,18.5,51,40,2025-07-09 02:00:00
Yoshiko Watanabe,18.5,97,10,2025-07-09 02:00:00
Taro Yamada,18.7,45,41,2025-07-09 03:00:00
Hanako Sato,18.7,79,32,2025-07-09 03:00:00
Jiro Suzuki,18.7,67,48,2025-07-09 03:00:00
Yoshiko Watanabe,18.7,126,10,2025-07-09 03:00:00
Taro Yamada,19.9,45,41,2025-07-09 04:00:00
Hanako Sato,19.9,106,41,2025-07-09 04:00:00
Jiro Suzuki,19.9,101,60,2025-07-09 04:00:00
Yoshiko Watanabe,19.9,157,17,2025-07-09 04:00:00
Taro Yamada,19.5,52,43,2025-07-09 05:00:00
Hanako Sato,19.5,124,47,2025-07-09 05:00:00
Jiro Suzuki,19.5,140,67,2025-07-09 05:00:00
Yoshiko Watanabe,19.5,158,25,2025-07-09 05:00:00
Taro Yamada,20.5,81,52,2025-07-09 06:00:00
Hanako Sato,20.5,124,60,2025-07-09 06:00:00
Jiro Suzuki,20.5,177,75,2025-07-09 06:00:00
Yoshiko Watanabe,20.5,182,38,2025-07-09 06:00:00
Taro Yamada,20.8,646,61,2025-07-09 07:00:00
Hanako Sato,20.8,459,61,2025-07-09 07:00:00
Jiro Suzuki,20.8,879,85,2025-07-09 07:00:00
Yoshiko Watanabe,20.8,749,53,2025-07-09 07:00:00
Taro Yamada,21.7,949,65,2025-07-09 08:00:00
Hanako Sato,21.7,1164,68,2025-07-09 08:00:00
Jiro Suzuki,21.7,1421,104,2025-07-09 08:00:00
Yoshiko Watanabe,21.7,1489,72,2025-07-09 08:00:00
Taro Yamada,24.8,1730,72,2025-07-09 09:00:00
Hanako Sato,24.8,1384,77,2025-07-09 09:00:00
Jiro Suzuki,24.8,1689,117,2025-07-09 09:00:00
Yoshiko Watanabe,24.8,1789,83,2025-07-09 09:00:00
Taro Yamada,24.7,2378,83,2025-07-09 10:00:00
Hanako Sato,24.7,1886,86,2025-07-09 10:00:00
Jiro Suzuki,24.7,2078,134,2025-07-09 10:00:00
Yoshiko Watanabe,24.7,2676,96,2025-07-09 10:00:00
Taro Yamada,25.9,2434,97,2025-07-09 11:00:00
Hanako Sato,25.9,2656,102,2025-07-09 11:00:00
Jiro Suzuki,25.9,2554,165,2025-07-09 11:00:00
Yoshiko Watanabe,25.9,2885,126,2025-07-09 11:00:00
Taro Yamada,28.7,2868,155,2025-07-09 12:00:00
Hanako Sato,28.7,3573,167,2025-07-09 12:00:00
Jiro Suzuki,28.7,2935,235,2025-07-09 12:00:00
Yoshiko Watanabe,28.7,3735,198,2025-07-09 12:00:00
Taro Yamada,28.0,2988,227,2025-07-09 13:00:00
Hanako Sato,28.0,3684,242,2025-07-09 13:00:00
Jiro Suzuki,28.0,3302,303,2025-07-09 13:00:00
Yoshiko Watanabe,28.0,4639,273,2025-07-09 13:00:00
Taro Yamada,28.6,3389,270,2025-07-09 14:00:00
Hanako Sato,28.6,3825,279,2025-07-09 14:00:00
Jiro Suzuki,28.6,3815,347,2025-07-09 14:00:00
Yoshiko Watanabe,28.6,4662,314,2025-07-09 14:00:00
Taro Yamada,28.4,3607,298,2025-07-09 15:00:00
Hanako Sato,28.4,4537,321,2025-07-09 15:00:00
Jiro Suzuki,28.4,3856,392,2025-07-09 15:00:00
Yoshiko Watanabe,28.4,5166,367,2025-07-09 15:00:00
Taro Yamada,29.4,4585,347,2025-07-09 16:00:00
Hanako Sato,29.4,5341,363,2025-07-09 16:00:00
Jiro Suzuki,29.4,3945,430,2025-07-09 16:00:00
Yoshiko Watanabe,29.4,5979,421,2025-07-09 16:00:00
Taro Yamada,28.0,5103,387,2025-07-09 17:00:00
Hanako Sato,28.0,5625,407,2025-07-09 17:00:00
Jiro Suzuki,28.0,4075,460,2025-07-09 17:00:00
Yoshiko Watanabe,28.0,6082,478,2025-07-09 17:00:00
Taro Yamada,26.6,5455,480,2025-07-09 18:00:00
Hanako Sato,26.6,6111,509,2025-07-09 18:00:00
Jiro Suzuki,26.6,4236,547,2025-07-09 18:00:00
Yoshiko Watanabe,26.6,6443,574,2025-07-09 18:00:00
Taro Yamada,28.1,5725,578,2025-07-09 19:00:00
Hanako Sato,28.1,6526,617,2025-07-09 19:00:00
Jiro Suzuki,28.1,4822,641,2025-07-09 19:00:00
Yoshiko Watanabe,28.1,6755,689,2025-07-09 19:00:00
Taro Yamada,26.9,5989,675,2025-07-09 20:00:00
Hanako Sato,26.9,6727,715,2025-07-09 20:00:00
Jiro Suzuki,26.9,5113,728,2025-07-09 20:00:00
Yoshiko Watanabe,26.9,6851,800,2025-07-09 20:00:00
Taro Yamada,25.1,6185,712,2025-07-09 21:00:00
Hanako Sato,25.1,7235,764,2025-07-09 21:00:00
Jiro Suzuki,25.1,5611,771,2025-07-09 21:00:00
Yoshiko Watanabe,25.1,6979,836,2025-07-09 21:00:00
Taro Yamada,22.1,6232,749,2025-07-09 22:00:00
Hanako Sato,22.1,7281,813,2025-07-09 22:00:00
Jiro Suzuki,22.1,5646,795,2025-07-09 22:00:00
Yoshiko Watanabe,22.1,7018,875,2025-07-09 22:00:00
Taro Yamada,22.4,6272,786,2025-07-09 23:00:00
Hanako Sato,22.4,7321,846,2025-07-09 23:00:00
Jiro Suzuki,22.4,5683,826,2025-07-09 23:00:00
Yoshiko Watanabe,22.4,7039,915,2025-07-09 23:00:00
Taro Yamada,21.6,27,3,2025-07-10 00:00:00
Hanako Sato,21.6,36,11,2025-07-10 00:00:00
Jiro Suzuki,21.6,49,1,2025-07-10 00:00:00
Yoshiko Watanabe,21.6,38,4,2025-07-10 00:00:00
Taro Yamada,21.5,37,14,2025-07-10 01:00:00
Hanako Sato,21.5,80,11,2025-07-10 01:00:00
Jiro Suzuki,21.5,57,16,2025-07-10 01:00:00
Yoshiko Watanabe,21.5,88,6,2025-07-10 01:00:00
Taro Yamada,20.4,77,15,2025-07-10 02:00:00
Hanako Sato,20.4,117,16,2025-07-10 02:00:00
Jiro Suzuki,20.4,107,28,2025-07-10 02:00:00
Yoshiko Watanabe,20.4,116,9,2025-07-10 02:00:00
Taro Yamada,19.9,107,25,2025-07-10 03:00:00
Hanako Sato,19.9,152,23,2025-07-10 03:00:00
Jiro Suzuki,19.9,127,33,2025-07-10 03:00:00
Yoshiko Watanabe,19.9,153,22,2025-07-10 03:00:00
Taro Yamada,19.4,154,32,2025-07-10 04:00:00
Hanako Sato,19.4,196,25,2025-07-10 04:00:00
Jiro Suzuki,19.4,152,48,2025-07-10 04:00:00
Yoshiko Watanabe,19.4,196,32,2025-07-10 04:00:00
Taro Yamada,20.0,201,39,2025-07-10 05:00:00
Hanako Sato,20.0,245,39,2025-07-10 05:00:00
Jiro Suzuki,20.0,188,52,2025-07-10 05:00:00
Yoshiko Watanabe,20.0,210,34,2025-07-10 05:00:00
Taro Yamada,20.4,202,55,2025-07-10 06:00:00
Hanako Sato,20.4,284,45,2025-07-10 06:00:00
Jiro Suzuki,20.4,225,56,2025-07-10 06:00:00
Yoshiko Watanabe,20.4,231,41,2025-07-10 06:00:00
Taro Yamada,23.2,835,63,2025-07-10 07:00:00
Hanako Sato,23.2,923,45,2025-07-10 07:00:00
Jiro Suzuki,23.2,339,57,2025-07-10 07:00:00
Yoshiko Watanabe,23.2,687,44,2025-07-10 07:00:00
Taro Yamada,23.9,1563,69,2025-07-10 08:00:00
Hanako Sato,23.9,926,52,2025-07-10 08:00:00
Jiro Suzuki,23.9,725,67,2025-07-10 08:00:00
Yoshiko Watanabe,23.9,1339,60,2025-07-10 08:00:00
Taro Yamada,25.8,2349,99,2025-07-10 09:00:00
Hanako Sato,25.8,982,75,2025-07-10 09:00:00
Jiro Suzuki,25.8,1447,83,2025-07-10 09:00:00
Yoshiko Watanabe,25.8,1454,69,2025-07-10 09:00:00
Taro Yamada,25.2,2581,128,2025-07-10 10:00:00
Hanako Sato,25.2,1453,84,2025-07-10 10:00:00
Jiro Suzuki,25.2,2386,94,2025-07-10 10:00:00
Yoshiko Watanabe,25.2,2227,94,2025-07-10 10:00:00
Taro Yamada,25.7,2865,156,2025-07-10 11:00:00
Hanako Sato,25.7,2298,102,2025-07-10 11:00:00
Jiro Suzuki,25.7,2498,123,2025-07-10 11:00:00
Yoshiko Watanabe,25.7,3200,123,2025-07-10 11:00:00
Taro Yamada,27.0,3753,226,2025-07-10 12:00:00
Hanako Sato,27.0,2578,168,2025-07-10 12:00:00
Jiro Suzuki,27.0,2626,190,2025-07-10 12:00:00
Yoshiko Watanabe,27.0,3693,199,2025-07-10 12:00:00
Taro Yamada,29.0,3866,290,2025-07-10 13:00:00
Hanako Sato,29.0,3310,243,2025-07-10 13:00:00
Jiro Suzuki,29.0,3024,261,2025-07-10 13:00:00
Yoshiko Watanabe,29.0,4414,276,2025-07-10 13:00:00
Taro Yamada,29.7,4325,341,2025-07-10 14:00:00
Hanako Sato,29.7,3453,292,2025-07-10 14:00:00
Jiro Suzuki,29.7,3324,302,2025-07-10 14:00:00
Yoshiko Watanabe,29.7,4495,318,2025-07-10 14:00:00
Taro Yamada,28.0,5299,391,2025-07-10 15:00:00
Hanako Sato,28.0,4050,322,2025-07-10 15:00:00
Jiro Suzuki,28.0,3500,333,2025-07-10 15:00:00
Yoshiko Watanabe,28.0,5418,357,2025-07-10 15:00:00
Taro Yamada,29.1,5422,441,2025-07-10 16:00:00
Hanako Sato,29.1,4714,358,2025-07-10 16:00:00
Jiro Suzuki,29.1,4323,367,2025-07-10 16:00:00
Yoshiko Watanabe,29.1,5539,400,2025-07-10 16:00:00
Taro Yamada,28.4,5546,485,2025-07-10 17:00:00
Hanako Sato,28.4,4847,390,2025-07-10 17:00:00
Jiro Suzuki,28.4,4555,410,2025-07-10 17:00:00
Yoshiko Watanabe,28.4,5823,457,2025-07-10 17:00:00
Taro Yamada,27.3,5782,591,2025-07-10 18:00:00
Hanako Sato,27.3,4875,481,2025-07-10 18:00:00
Jiro Suzuki,27.3,5016,508,2025-07-10 18:00:00
Yoshiko Watanabe,27.3,5840,551,2025-07-10 18:00:00
Taro Yamada,26.4,6003,678,2025-07-10 19:00:00
Hanako Sato,26.4,5328,577,2025-07-10 19:00:00
Jiro Suzuki,26.4,5226,593,2025-07-10 19:00:00
Yoshiko Watanabe,26.4,5948,645,2025-07-10 19:00:00
Taro Yamada,26.9,6364,779,2025-07-10 20:00:00
Hanako Sato,26.9,5485,680,2025-07-10 20:00:00
Jiro Suzuki,26.9,5324,682,2025-07-10 20:00:00
Yoshiko Watanabe,26.9,6272,748,2025-07-10 20:00:00
Taro Yamada,25.7,6810,827,2025-07-10 21:00:00
Hanako Sato,25.7,5633,716,2025-07-10 21:00:00
Jiro Suzuki,25.7,5833,713,2025-07-10 21:00:00
Yoshiko Watanabe,25.7,6687,782,2025-07-10 21:00:00
Taro Yamada,21.7,6829,874,2025-07-10 22:00:00
Hanako Sato,21.7,5667,757,2025-07-10 22:00:00
Jiro Suzuki,21.7,5845,753,2025-07-10 22:00:00
Yoshiko Watanabe,21.7,6720,814,2025-07-10 22:00:00
Taro Yamada,22.2,6851,904,2025-07-10 23:00:00
Hanako Sato,22.2,5692,786,2025-07-10 23:00:00
Jiro Suzuki,22.2,5848,778,2025-07-10 23:00:00
Yoshiko Watanabe,22.2,6728,848,2025-07-10 23:00:00
Taro Yamada,21.5,5,5,2025-07-11 00:00:00
Hanako Sato,21.5,5,2,2025-07-11 00:00:00
Jiro Suzuki,21.5,47,9,2025-07-11 00:00:00
Yoshiko Watanabe,21.5,8,11,2025-07-11 00:00:00
Taro Yamada,20.0,31,8,2025-07-11 01:00:00
Hanako Sato,20.0,50,11,2025-07-11 01:00:00
Jiro Suzuki,20.0,78,17,2025-07-11 01:00:00
Yoshiko Watanabe,20.0,39,17,2025-07-11 01:00:00
Taro Yamada,20.4,48,8,2025-07-11 02:00:00
Hanako Sato,20.4,63,23,2025-07-11 02:00:00
Jiro Suzuki,20.4,115,23,2025-07-11 02:00:00
Yoshiko Watanabe,20.4,66,17,2025-07-11 02:00:00
Taro Yamada,20.8,49,10,2025-07-11 03:00:00
Hanako Sato,20.8,79,35,2025-07-11 03:00:00
Jiro Suzuki,20.8,160,37,2025-07-11 03:00:00
Yoshiko Watanabe,20.8,91,17,2025-07-11 03:00:00
Taro Yamada,19.5,55,12,2025-07-11 04:00:00
Hanako Sato,19.5,116,36,2025-07-11 04:00:00
Jiro Suzuki,19.5,209,46,2025-07-11 04:00:00
Yoshiko Watanabe,19.5,129,26,2025-07-11 04:00:00
Taro Yamada,19.6,79,25,2025-07-11 05:00:00
Hanako Sato,19.6,155,47,2025-07-11 05:00:00
Jiro Suzuki,19.6,228,50,2025-07-11 05:00:00
Yoshiko Watanabe,19.6,139,31,2025-07-11 05:00:00
Taro Yamada,19.8,110,29,2025-07-11 06:00:00
Hanako Sato,19.8,173,47,2025-07-11 06:00:00
Jiro Suzuki,19.8,233,58,2025-07-11 06:00:00
Yoshiko Watanabe,19.8,183,43,2025-07-11 06:00:00
Taro Yamada,22.4,825,37,2025-07-11 07:00:00
Hanako Sato,22.4,706,56,2025-07-11 07:00:00
Jiro Suzuki,22.4,555,62,2025-07-11 07:00:00
Yoshiko Watanabe,22.4,524,54,2025-07-11 07:00:00
Taro Yamada,24.1,1194,50,2025-07-11 08:00:00
Hanako Sato,24.1,1257,58,2025-07-11 08:00:00
Jiro Suzuki,24.1,1100,81,2025-07-11 08:00:00
Yoshiko Watanabe,24.1,1188,61,2025-07-11 08:00:00
Taro Yamada,24.4,1897,61,2025-07-11 09:00:00
Hanako Sato,24.4,1346,76,2025-07-11 09:00:00
Jiro Suzuki,24.4,1505,96,2025-07-11 09:00:00
Yoshiko Watanabe,24.4,1207,63,2025-07-11 09:00:00
Taro Yamada,26.6,2652,91,2025-07-11 10:00:00
Hanako Sato,26.6,1986,100,2025-07-11 10:00:00
Jiro Suzuki,26.6,2139,119,2025-07-11 10:00:00
Yoshiko Watanabe,26.6,1812,81,2025-07-11 10:00:00
Taro Yamada,25.9,2786,122,2025-07-11 11:00:00
Hanako Sato,25.9,2495,133,2025-07-11 11:00:00
Jiro Suzuki,25.9,2279,141,2025-07-11 11:00:00
Yoshiko Watanabe,25.9,2369,94,2025-07-11 11:00:00
Taro Yamada,27.2,2953,193,2025-07-11 12:00:00
Hanako Sato,27.2,3283,206,2025-07-11 12:00:00
Jiro Suzuki,27.2,2280,203,2025-07-11 12:00:00
Yoshiko Watanabe,27.2,2659,164,2025-07-11 12:00:00
Taro Yamada,27.5,3425,254,2025-07-11 13:00:00
Hanako Sato,27.5,3351,283,2025-07-11 13:00:00
Jiro Suzuki,27.5,3139,265,2025-07-11 13:00:00
Yoshiko Watanabe,27.5,2780,238,2025-07-11 13:00:00
Taro Yamada,28.5,4245,302,2025-07-11 14:00:00
Hanako Sato,28.5,3469,322,2025-07-11 14:00:00
Jiro Suzuki,28.5,3853,299,2025-07-11 14:00:00
Yoshiko Watanabe,28.5,2991,274,2025-07-11 14:00:00
Taro Yamada,29.5,4585,336,2025-07-11 15:00:00
Hanako Sato,29.5,3609,366,2025-07-11 15:00:00
Jiro Suzuki,29.5,4411,343,2025-07-11 15:00:00
Yoshiko Watanabe,29.5,3702,309,2025-07-11 15:00:00
Taro Yamada,29.0,5510,386,2025-07-11 16:00:00
Hanako Sato,29.0,4299,405,2025-07-11 16:00:00
Jiro Suzuki,29.0,5303,382,2025-07-11 16:00:00
Yoshiko Watanabe,29.0,4209,354,2025-07-11 16:00:00
Taro Yamada,28.0,5695,437,2025-07-11 17:00:00
Hanako Sato,28.0,4700,441,2025-07-11 17:00:00
Jiro Suzuki,28.0,5518,436,2025-07-11 17:00:00
Yoshiko Watanabe,28.0,4227,396,2025-07-11 17:00:00
Taro Yamada,29.3,6135,545,2025-07-11 18:00:00
Hanako Sato,29.3,4945,540,2025-07-11 18:00:00
Jiro Suzuki,29.3,5629,535,2025-07-11 18:00:00
Yoshiko Watanabe,29.3,4295,496,2025-07-11 18:00:00
Taro Yamada,27.3,6391,647,2025-07-11 19:00:00
Hanako Sato,27.3,5237,632,2025-07-11 19:00:00
Jiro Suzuki,27.3,5833,639,2025-07-11 19:00:00
Yoshiko Watanabe,27.3,4590,592,2025-07-11 19:00:00
Taro Yamada,27.3,6612,740,2025-07-11 20:00:00
Hanako Sato,27.3,5808,721,2025-07-11 20:00:00
Jiro Suzuki,27.3,6408,730,2025-07-11 20:00:00
Yoshiko Watanabe,27.3,4662,684,2025-07-11 20:00:00
Taro Yamada,24.3,6711,777,2025-07-11 21:00:00
Hanako Sato,24.3,5927,761,2025-07-11 21:00:00
Jiro Suzuki,24.3,6624,770,2025-07-11 21:00:00
Yoshiko Watanabe,24.3,4867,711,2025-07-11 21:00:00
Taro Yamada,24.5,6751,812,2025-07-11 22:00:00
Hanako Sato,24.5,5941,787,2025-07-11 22:00:00
Jiro Suzuki,24.5,6652,807,2025-07-11 22:00:00
Yoshiko Watanabe,24.5,4874,734,2025-07-11 22:00:00
Taro Yamada,21.1,6767,851,2025-07-11 23:00:00
Hanako Sato,21.1,5982,820,2025-07-11 23:00:00
Jiro Suzuki,21.1,6691,841,2025-07-11 23:00:00
Yoshiko Watanabe,21.1,4909,765,2025-07-11 23:00:00
Taro Yamada,21.9,18,13,2025-07-12 00:00:00
Hanako Sato,21.9,16,1,2025-07-12 00:00:00
Jiro Suzuki,21.9,41,6,2025-07-12 00:00:00
Yoshiko Watanabe,21.9,29,15,2025-07-12 00:00:00
